,Years,Unnamed: 1,"Violent 
crime1","Violent 
crime 
rate ","Murder and 
nonnegligent 
manslaughter","Murder and 
nonnegligent 
manslaughter 
rate ","Rape
(revised 
definition)2","Rape
(revised 
definition) 
rate2","Rape
(legacy 
definition)3","Rape
(legacy 
definition) 
rate3",Robbery,"Robbery 
rate ","Aggravated 
assault","Aggravated 
assault rate ","Property 
crime","Property 
crime 
rate ",Burglary,"Burglary 
rate ","Larceny-
theft","Larceny-
theft rate ","Motor 
vehicle 
theft","Motor 
vehicle 
theft 
rate ",Unnamed: 22,Unnamed: 23,Unnamed: 24, 
0,2019/2018,,-0.5,-1.0,0.3,-0.2,-2.7,-3.2,-3.1,-3.6,-4.7,-5.2,1.3,0.8,-4.1,-4.5,-9.5,-9.9,-2.8,-3.3,-4.0,-4.4,,,,
1,2019/2015,,0.4,-1.9,3.4,1.1,10.8,8.4,7.6,5.2,-18.3,-20.2,7.5,5.1,-13.7,-15.6,-29.6,-31.2,-11.1,-13.1,1.2,-1.0,,,,
2,2019/2010,,-3.8,-9.3,11.6,5.1,,,14.7,8.1,-27.4,-31.6,5.0,-1.0,-24.0,-28.4,-48.5,-51.4,-18.0,-22.7,-2.4,-8.0,,,,